filename,CEFR,URL,format
A1_a_request_from_your_boss,A1,https://learnenglish.britishcouncil.org/skills/listening/a1-listening/request-your-boss,BCL
A1_a_voicemail_message,A1,https://learnenglish.britishcouncil.org/skills/listening/a1-listening/voicemail-message,BCL
A1_booking_a_table,A1,https://learnenglish.britishcouncil.org/skills/listening/a1-listening/booking-table,BCL
A1_business_cards,A1,https://learnenglish.britishcouncil.org/skills/listening/a1-listening/business-cards,BCL
A1_finding_the_library,A1,https://learnenglish.britishcouncil.org/skills/listening/a1-listening/finding-library,BCL
A1_meeting_a_new_team_member,A1,https://learnenglish.britishcouncil.org/skills/listening/a1-listening/meeting-new-team-member,BCL
A1_meeting_other_students,A1,https://learnenglish.britishcouncil.org/skills/listening/a1-listening/meeting-other-students,BCL
A1_meeting_people_at_dinner,A1,https://learnenglish.britishcouncil.org/skills/listening/a1-listening/meeting-people-dinner,BCL
A1_ordering_in_a_cafe,A1,https://learnenglish.britishcouncil.org/skills/listening/a1-listening/ordering-cafe,BCL
A1_organising_a_group_project,A1,https://learnenglish.britishcouncil.org/skills/listening/a1-listening/organising-group-project,BCL
A1_shopping_for_clothes,A1,https://learnenglish.britishcouncil.org/skills/listening/a1-listening/shopping-clothes,BCL
A1_the_first_english_class,A1,https://learnenglish.britishcouncil.org/skills/listening/a1-listening/first-english-class,BCL
A1_a_good_nights_sleep,A1,https://learnenglishteens.britishcouncil.org/skills/listening/a1-listening/good-nights-sleep,BCL
A1_at_the_library_giving_personal_information,A1,https://learnenglishteens.britishcouncil.org/skills/listening/a1-listening/library-giving-personal-information,BCL
A1_band_audtitions,A1,https://learnenglishteens.britishcouncil.org/skills/listening/a1-listening/band-auditions,BCL
A1_describing_people,A1,https://learnenglishteens.britishcouncil.org/skills/listening/a1-listening/describing-people,BCL
A1_first_day_at_school,A1,https://learnenglishteens.britishcouncil.org/skills/listening/a1-listening/first-day-school,BCL
A1_getting_an_ID_card,A1,https://learnenglishteens.britishcouncil.org/skills/listening/a1-listening/getting-id-card,BCL
A1_interview_with_a_swimmer,A1,https://learnenglishteens.britishcouncil.org/skills/listening/a1-listening/interview-swimmer,BCL
A1_introducing_a_friend,A1,https://learnenglishteens.britishcouncil.org/skills/listening/a1-listening/introducing-friend,BCL
A1_inviting_someone_to_the_cinema,A1,https://learnenglishteens.britishcouncil.org/skills/listening/a1-listening/inviting-someone-cinema,BCL
A1_online_safety_conversation,A1,https://learnenglishteens.britishcouncil.org/skills/listening/a1-listening/online-safety-conversation,BCL
A1_ordering_food_in_a_cafe,A1,https://learnenglishteens.britishcouncil.org/skills/listening/a1-listening/ordering-food-cafe,BCL
A1_study_tips,A1,https://learnenglishteens.britishcouncil.org/skills/listening/a1-listening/study-tips,BCL
A2_a_morning_briefing,A2,https://learnenglish.britishcouncil.org/skills/listening/a2-listening/morning-briefing,BCL
A2_an_invitation_to_a_party,A2,https://learnenglish.britishcouncil.org/skills/listening/a2-listening/invitation-party,BCL
A2_changing_a_meeting_time,A2,https://learnenglish.britishcouncil.org/skills/listening/a2-listening/changing-meeting-time,BCL
A2_changing_plans,A2,https://learnenglish.britishcouncil.org/skills/listening/a2-listening/changing-plans,BCL
A2_facts_and_figures,A2,https://learnenglish.britishcouncil.org/skills/listening/a2-listening/facts-figures,BCL
A2_four_conversations,A2,https://learnenglish.britishcouncil.org/skills/listening/a2-listening/four-conversations,BCL
A2_instructions_for_an_assignment,A2,https://learnenglish.britishcouncil.org/skills/listening/a2-listening/instructions-assignment,BCL
A2_leaving_a_message,A2,https://learnenglish.britishcouncil.org/skills/listening/a2-listening/leaving-message,BCL
A2_missing_a_class,A2,https://learnenglish.britishcouncil.org/skills/listening/a2-listening/missing-class,BCL
A2_transport_announcements,A2,https://learnenglish.britishcouncil.org/skills/listening/a2-listening/transport-announcements,BCL
A2_understanding_an_explanation,A2,https://learnenglish.britishcouncil.org/skills/listening/a2-listening/understanding-explanation,BCL
A2_whos_who_in_the_office,A2,https://learnenglish.britishcouncil.org/skills/listening/a2-listening/whos-who-office,BCL
A2_eating_out,A2,https://learnenglishteens.britishcouncil.org/skills/listening/a2-listening/eating-out,BCL
A2_free_time,A2,https://learnenglishteens.britishcouncil.org/skills/listening/a2-listening/free-time,BCL
A2_giving_directions,A2,https://learnenglishteens.britishcouncil.org/skills/listening/a2-listening/giving-directions,BCL
A2_going_to_the_cinema,A2,https://learnenglishteens.britishcouncil.org/skills/listening/a2-listening/going-cinema,BCL
A2_shopping_for_clothes,A2,https://learnenglishteens.britishcouncil.org/skills/listening/a2-listening/shopping-clothes,BCL
A2_stop_wasting_time,A2,https://learnenglishteens.britishcouncil.org/skills/listening/a2-listening/stop-wasting-time,BCL
A2_taking_notes,A2,https://learnenglishteens.britishcouncil.org/skills/listening/a2-listening/taking-notes,BCL
A2_tour_of_london,A2,https://learnenglishteens.britishcouncil.org/skills/listening/a2-listening/tour-london,BCL
A2_trains_and_travel,A2,https://learnenglishteens.britishcouncil.org/skills/listening/a2-listening/trains-travel,BCL
A2_travelling_abroad,A2,https://learnenglishteens.britishcouncil.org/skills/listening/a2-listening/travelling-abroad,BCL
A2_using_colours_to_do_homework,A2,https://learnenglishteens.britishcouncil.org/skills/listening/a2-listening/using-colours-do-homework,BCL
A2_weather_forecast,A2,https://learnenglishteens.britishcouncil.org/skills/listening/a2-listening/weather-forecast,BCL
A2_work,A2,https://learnenglishteens.britishcouncil.org/skills/listening/a2-listening/work,BCL
B1_a_phone_call_from_a_customer,B1,https://learnenglish.britishcouncil.org/skills/listening/b1-listening/phone-call-customer,BCL
B1_a_student_discussion,B1,https://learnenglish.britishcouncil.org/skills/listening/b1-listening/student-discussion,BCL
B1_a_team_meeting_about_diversity,B1,https://learnenglish.britishcouncil.org/skills/listening/b1-listening/team-meeting-about-diversity,BCL
B1_a_weather_forecast,B1,https://learnenglish.britishcouncil.org/skills/listening/b1-listening/weather-forecast,BCL
B1_an_interview_about_listening_skills,B1,https://learnenglish.britishcouncil.org/skills/listening/b1-listening/interview-about-listening-skills,BCL
B1_an_introduction_to_a_lecture,B1,https://learnenglish.britishcouncil.org/skills/listening/b1-listening/introduction-lecture,BCL
B1_arriving_late_to_a_class,B1,https://learnenglish.britishcouncil.org/skills/listening/b1-listening/arriving-late-class,BCL
B1_at_the_chemist,B1,https://learnenglish.britishcouncil.org/skills/listening/b1-listening/chemist,BCL
B1_chatting_about_a_series,B1,https://learnenglish.britishcouncil.org/skills/listening/b1-listening/chatting-about-series,BCL
B1_making_a_decision,B1,https://learnenglish.britishcouncil.org/skills/listening/b1-listening/making-decision,BCL
B1_meeting_an_old_friend,B1,https://learnenglish.britishcouncil.org/skills/listening/b1-listening/meeting-old-friend,BCL
B1_work_life_balance,B1,https://learnenglish.britishcouncil.org/skills/listening/b1-listening/work-life-balance,BCL
B1_advice_for_exams,B1,https://learnenglishteens.britishcouncil.org/skills/listening/b1-listening/advice-exams,BCL
B1_amazing_facts,B1,https://learnenglishteens.britishcouncil.org/skills/listening/b1-listening/amazing-facts,BCL
B1_celebrations,B1,https://learnenglishteens.britishcouncil.org/skills/listening/b1-listening/celebrations,BCL
B1_difficult_situations,B1,https://learnenglishteens.britishcouncil.org/skills/listening/b1-listening/difficult-situations,BCL
B1_favourite_things,B1,https://learnenglishteens.britishcouncil.org/skills/listening/b1-listening/favourite-things,BCL
B1_important_people,B1,https://learnenglishteens.britishcouncil.org/skills/listening/b1-listening/important-people,BCL
B1_llamas,B1,https://learnenglishteens.britishcouncil.org/skills/listening/b1-listening/llamas,BCL
B1_my_favourite_film,B1,https://learnenglishteens.britishcouncil.org/skills/listening/b1-listening/my-favourite-film,BCL
B1_organising_your_time,B1,https://learnenglishteens.britishcouncil.org/skills/listening/b1-listening/organising-your-time,BCL
B1_sports_centres,B1,https://learnenglishteens.britishcouncil.org/skills/listening/b1-listening/sports-centres,BCL
B1_the_weekend,B1,https://learnenglishteens.britishcouncil.org/skills/listening/b1-listening/weekend,BCL
B1_theme_parks,B1,https://learnenglishteens.britishcouncil.org/skills/listening/b1-listening/theme-parks,BCL
B2_a_business_interview,B2,https://learnenglish.britishcouncil.org/skills/listening/b2-listening/business-interview,BCL
B2_a_design_presentation,B2,https://learnenglish.britishcouncil.org/skills/listening/b2-listening/design-presentation,BCL
B2_a_digital_detox_podcast,B2,https://learnenglish.britishcouncil.org/skills/listening/b2-listening/digital-detox-podcast,BCL
B2_a_lecture_about_an_experiment,B2,https://learnenglish.britishcouncil.org/skills/listening/b2-listening/lecture-about-experiment,BCL
B2_a_talk_about_motivation,B2,https://learnenglish.britishcouncil.org/skills/listening/b2-listening/talk-about-motivation,BCL
B2_business_news,B2,https://learnenglish.britishcouncil.org/skills/listening/b2-listening/business-news,BCL
B2_creating_a_study_group,B2,https://learnenglish.britishcouncil.org/skills/listening/b2-listening/creating-study-group,BCL
B2_film_reviews,B2,https://learnenglish.britishcouncil.org/skills/listening/b2-listening/film-reviews,BCL
B2_getting_advice,B2,https://learnenglish.britishcouncil.org/skills/listening/b2-listening/getting-advice,BCL
B2_joining_a_gym,B2,https://learnenglish.britishcouncil.org/skills/listening/b2-listening/joining-gym,BCL
B2_office_party_planning,B2,https://learnenglish.britishcouncil.org/skills/listening/b2-listening/office-party-planning,BCL
B2_talking_about_rumours,B2,https://learnenglish.britishcouncil.org/skills/listening/b2-listening/talking-about-rumours,BCL
B2_boy_bands,B2,https://learnenglishteens.britishcouncil.org/skills/listening/b2-listening/boy-bands,BCL
B2_high_achieving_teenagers,B2,https://learnenglishteens.britishcouncil.org/skills/listening/b2-listening/high-achieving-teenagers,BCL
B2_how_to_improve_your_memory,B2,https://learnenglishteens.britishcouncil.org/skills/listening/b2-listening/how-improve-your-memory,BCL
B2_how_to_study,B2,https://learnenglishteens.britishcouncil.org/skills/listening/b2-listening/how-study,BCL
B2_my_hero,B2,https://learnenglishteens.britishcouncil.org/skills/listening/b2-listening/my-hero,BCL
B2_new_inventions,B2,https://learnenglishteens.britishcouncil.org/skills/listening/b2-listening/new-inventions,BCL
B2_sports_interviews,B2,https://learnenglishteens.britishcouncil.org/skills/listening/b2-listening/sports-interviews,BCL
B2_the_best_job_in_the_world,B2,https://learnenglishteens.britishcouncil.org/skills/listening/b2-listening/best-job-world,BCL
B2_the_filter_bubble_part_one,B2,https://learnenglishteens.britishcouncil.org/skills/listening/b2-listening/filter-bubble-part-one,BCL
B2_the_filter_bubble_part_two,B2,https://learnenglishteens.britishcouncil.org/skills/listening/b2-listening/filter-bubble-part-two,BCL
B2_the_maasai_and_the_lions,B2,https://learnenglishteens.britishcouncil.org/skills/listening/b2-listening/maasai-lions,BCL
B2_unusual_british_festivals,B2,https://learnenglishteens.britishcouncil.org/skills/listening/b2-listening/unusual-british-festivals,BCL
B2_what_kind_of_student_are_you,B2,https://learnenglishteens.britishcouncil.org/skills/listening/upper-intermediate-b2/what-kind-student-are-you,BCL
B2_whats_in_a_name,B2,https://learnenglishteens.britishcouncil.org/skills/listening/b2-listening/whats-name,BCL
C1_a_job_interview,C1,https://learnenglish.britishcouncil.org/skills/listening/c1-listening/job-interview,BCL
C1_a_project_management_meeting,C1,https://learnenglish.britishcouncil.org/skills/listening/c1-listening/project-management-meeting,BCL
C1_an_interview_about_two_books,C1,https://learnenglish.britishcouncil.org/skills/listening/c1-listening/interview-about-two-books,BCL
C1_birthday_parties,C1,https://learnenglish.britishcouncil.org/skills/listening/c1-listening/birthday-parties,BCL
C1_catching_up_after_a_trip,C1,https://learnenglish.britishcouncil.org/skills/listening/c1-listening/catching-after-trip,BCL
C1_challenges_at_work,C1,https://learnenglish.britishcouncil.org/skills/listening/c1-listening/challenges-work,BCL
C1_innovation_in_business,C1,https://learnenglish.britishcouncil.org/skills/listening/c1-listening/innovation-business,BCL
C1_introverts_redressing_the_balance,C1,https://learnenglish.britishcouncil.org/skills/listening/c1-listening/introverts-redressing-balance,BCL
C1_renting_a_house,C1,https://learnenglish.britishcouncil.org/skills/listening/c1-listening/renting-house,BCL
C1_tech_addicition,C1,https://learnenglish.britishcouncil.org/skills/listening/c1-listening/tech-addiction,BCL
C1_the_helix,C1,https://learnenglish.britishcouncil.org/skills/listening/c1-listening/helix,BCL
C1_the_history_of_hand_gestures,C1,https://learnenglish.britishcouncil.org/skills/listening/c1-listening/history-hand-gestures,BCL
C1_help_other_help_yourself,C1,https://learnenglishteens.britishcouncil.org/skills/listening/c1-listening/help-others-help-yourself,BCL
C1_how_false_information_spreads,C1,https://learnenglishteens.britishcouncil.org/skills/listening/c1-listening/how-false-information-spreads,BCL
C1_how_to_break_into_the_music_industry,C1,https://learnenglishteens.britishcouncil.org/skills/listening/c1-listening/how-break-music-industry,BCL
C1_living_online,C1,https://learnenglishteens.britishcouncil.org/skills/listening/c1-listening/living-online,BCL
C1_man_or_beast,C1,https://learnenglishteens.britishcouncil.org/skills/listening/advanced-c1/man-or-beast,BCL
C1_sleeping_for_exam_success,C1,https://learnenglishteens.britishcouncil.org/skills/listening/c1-listening/sleeping-exam-success,BCL
C1_teens_going_veggie,C1,https://learnenglishteens.britishcouncil.org/skills/listening/c1-listening/teens-going-veggie,BCL
C1_the benefits_of_sport,C1,https://learnenglishteens.britishcouncil.org/skills/listening/c1-listening/benefits-sport,BCL
C1_the_fear_factor,C1,https://learnenglishteens.britishcouncil.org/skills/listening/c1-listening/fear-factor,BCL
C1_wars_silver_lining,C1,https://learnenglishteens.britishcouncil.org/skills/listening/c1-listening/wars-silver-lining,BCL
A2_podcasts_episode_01,A2,https://learnenglish.britishcouncil.org/general-english/audio-series/podcasts/podcasts-series-1/episode-01,BCL
A2_B1_podcasts_episode_10,A2,https://learnenglish.britishcouncil.org/general-english/audio-series/podcasts/podcasts-series-1/episode-02,BCL
A2_B1_podcasts_episode_02,A2,https://learnenglish.britishcouncil.org/general-english/audio-series/podcasts/podcasts-series-1/episode-03,BCL
A2_B1_podcasts_episode_03,A2,https://learnenglish.britishcouncil.org/general-english/audio-series/podcasts/podcasts-series-1/episode-04,BCL
A2_B1_podcasts_episode_04,A2,https://learnenglish.britishcouncil.org/general-english/audio-series/podcasts/podcasts-series-1/episode-05,BCL
A2_B1_podcasts_episode_05,A2,https://learnenglish.britishcouncil.org/general-english/audio-series/podcasts/podcasts-series-1/episode-06,BCL
A2_B1_podcasts_episode_06,A2,https://learnenglish.britishcouncil.org/general-english/audio-series/podcasts/podcasts-series-1/episode-07,BCL
A2_B1_podcasts_episode_07,A2,https://learnenglish.britishcouncil.org/general-english/audio-series/podcasts/podcasts-series-1/episode-08,BCL
A2_B1_podcasts_episode_08,A2,https://learnenglish.britishcouncil.org/general-english/audio-series/podcasts/podcasts-series-1/episode-09,BCL
A2_B1_podcasts_episode_09,A2,https://learnenglish.britishcouncil.org/general-english/audio-series/podcasts/podcasts-series-1/episode-10,BCL
B2_music_social_media,B2,https://learnenglish.britishcouncil.org/general-english/audio-zone,BCL
B2_my_two_cats,B2,https://learnenglish.britishcouncil.org/general-english/audio-zone,BCL
B2_radiohead,B2,https://learnenglish.britishcouncil.org/general-english/audio-zone,BCL
B2_special_restaurant,B2,https://learnenglish.britishcouncil.org/general-english/audio-zone,BCL
B2_tennis_keeping_fit,B2,https://learnenglish.britishcouncil.org/general-english/audio-zone,BCL
B2_vinyl,B2,https://learnenglish.britishcouncil.org/general-english/audio-zone,BCL
B1_B2_my_strange_encounter_wild_pig,B1,https://learnenglish.britishcouncil.org/general-english/audio-zone,BCL
B1_marathon_running,B1,https://learnenglish.britishcouncil.org/general-english/audio-zone,BCL
B1_my_son,B1,https://learnenglish.britishcouncil.org/general-english/audio-zone,BCL
B1_study_trip_uk,B1,https://learnenglish.britishcouncil.org/general-english/audio-zone,BCL
B2_beating_stress,B2,https://learnenglish.britishcouncil.org/general-english/audio-zone,BCL
B2_coventry_city_fc,B2,https://learnenglish.britishcouncil.org/general-english/audio-zone,BCL
B2_horror_films,B2,https://learnenglish.britishcouncil.org/general-english/audio-zone,BCL
B2_hypatia_trust,B2,https://learnenglish.britishcouncil.org/general-english/audio-zone,BCL
B2_learning_languages,B2,https://learnenglish.britishcouncil.org/general-english/audio-zone,BCL
B2_living_london,B2,https://learnenglish.britishcouncil.org/general-english/audio-zone,BCL
B2_living_my_own,B2,https://learnenglish.britishcouncil.org/general-english/audio-zone,BCL
B2_music_manchester,B2,https://learnenglish.britishcouncil.org/general-english/audio-zone,BCL
A1_A2_episode_08_brown_bread,A1,https://learnenglish.britishcouncil.org/general-english/video-series/starting-out,BCV
A1_A2_episode_09_family_photos,A1,https://learnenglish.britishcouncil.org/general-english/video-series/starting-out,BCV
A1_A2_episode_10_sportsman,A1,https://learnenglish.britishcouncil.org/general-english/video-series/starting-out,BCV
A1_A2_episode_11_what_time_it,A1,https://learnenglish.britishcouncil.org/general-english/video-series/starting-out,BCV
A1_A2_episode_12_old_friend,A1,https://learnenglish.britishcouncil.org/general-english/video-series/starting-out,BCV
A1_A2_episode_13_horoscopes,A1,https://learnenglish.britishcouncil.org/general-english/video-series/starting-out,BCV
A1_A2_episode_14_can_you_speak_french,A1,https://learnenglish.britishcouncil.org/general-english/video-series/starting-out,BCV
A1_A2_episode_15_there_campsite,A1,https://learnenglish.britishcouncil.org/general-english/video-series/starting-out,BCV
A1_A2_episode_01_they_meet,A1,https://learnenglish.britishcouncil.org/general-english/video-series/starting-out,BCV
A1_A2_episode_02_toms_party,A1,https://learnenglish.britishcouncil.org/general-english/video-series/starting-out,BCV
A1_A2_episode_03_what_do_you_doing,A1,https://learnenglish.britishcouncil.org/general-english/video-series/starting-out,BCV
A1_A2_episode_04_where_are_you,A1,https://learnenglish.britishcouncil.org/general-english/video-series/starting-out,BCV
A1_A2_episode_05_speaking_or_eating,A1,https://learnenglish.britishcouncil.org/general-english/video-series/starting-out,BCV
A1_A2_episode_06_ill_pay,A1,https://learnenglish.britishcouncil.org/general-english/video-series/starting-out,BCV
A1_A2_episode_07_race,A1,https://learnenglish.britishcouncil.org/general-english/video-series/starting-out,BCV
B2_hamlet_1_his_fathers_ghost,B2,https://learnenglish.britishcouncil.org/general-english/video-series/shakespeare,BCV
B2_hamlet_2_bad_death,B2,https://learnenglish.britishcouncil.org/general-english/video-series/shakespeare,BCV
B2_juliet_1_falling_love,B2,https://learnenglish.britishcouncil.org/general-english/video-series/shakespeare,BCV
B2_juliet_2_feisty_funny_determined,B2,https://learnenglish.britishcouncil.org/general-english/video-series/shakespeare,BCV
B2_lady_macbeth_1_top_dog,B2,https://learnenglish.britishcouncil.org/general-english/video-series/shakespeare,BCV
B2_lady_macbeth_2_unchecked_ambition,B2,https://learnenglish.britishcouncil.org/general-english/video-series/shakespeare,BCV
B2_london_1_piece_piece,B2,https://learnenglish.britishcouncil.org/general-english/video-series/shakespeare,BCV
B2_london_2_penny_yard,B2,https://learnenglish.britishcouncil.org/general-english/video-series/shakespeare,BCV
B2_much_ado_1_beautiful_trick,B2,https://learnenglish.britishcouncil.org/general-english/video-series/shakespeare,BCV
B2_much_ado_2_fun_play,B2,https://learnenglish.britishcouncil.org/general-english/video-series/shakespeare,BCV
B2_stratford_1_shakespeare_glove_maker,B2,https://learnenglish.britishcouncil.org/general-english/video-series/shakespeare,BCV
B2_stratford_2_lost_years,B2,https://learnenglish.britishcouncil.org/general-english/video-series/shakespeare,BCV
B2_tempest_1_bigger_me,B2,https://learnenglish.britishcouncil.org/general-english/video-series/shakespeare,BCV
B2_tempest_2_greed_wrath_lust,B2,https://learnenglish.britishcouncil.org/general-english/video-series/shakespeare,BCV
B1_B2_art_scene_2,B1,https://learnenglish.britishcouncil.org/general-english/video-series/word-street,BCV
B1_B2_bestival_scene_1,B1,https://learnenglish.britishcouncil.org/general-english/video-series/word-street,BCV
B1_B2_bestival_scene_2,B1,https://learnenglish.britishcouncil.org/general-english/video-series/word-street,BCV
B1_B2_big_meal_scene_1,B1,https://learnenglish.britishcouncil.org/general-english/video-series/word-street,BCV
B1_B2_big_meal_scene_2,B1,https://learnenglish.britishcouncil.org/general-english/video-series/word-street,BCV
B1_B2_bonfire_night,B1,https://learnenglish.britishcouncil.org/general-english/video-series/word-street,BCV
B1_B2_british_weather,B1,https://learnenglish.britishcouncil.org/general-english/video-series/word-street,BCV
B1_B2_christmas_scene_1,B1,https://learnenglish.britishcouncil.org/general-english/video-series/word-street,BCV
B1_B2_christmas_scene_2,B1,https://learnenglish.britishcouncil.org/general-english/video-series/word-street,BCV
B1_B2_christmas_shopping,B1,https://learnenglish.britishcouncil.org/general-english/video-series/word-street,BCV
B1_B2_classic_british_car,B1,https://learnenglish.britishcouncil.org/general-english/video-series/word-street,BCV
B1_B2_flathunting_scene_1,B1,https://learnenglish.britishcouncil.org/general-english/video-series/word-street,BCV
B1_B2_flathunting_scene_2,B1,https://learnenglish.britishcouncil.org/general-english/video-series/word-street,BCV
B1_B2_food_britain,B1,https://learnenglish.britishcouncil.org/general-english/video-series/word-street,BCV
B1_B2_halloween_scene_1,B1,https://learnenglish.britishcouncil.org/general-english/video-series/word-street,BCV
B1_B2_halloween_scene_2,B1,https://learnenglish.britishcouncil.org/general-english/video-series/word-street,BCV
B1_B2_heritage_tourism,B1,https://learnenglish.britishcouncil.org/general-english/video-series/word-street,BCV
B1_B2_homes_future,B1,https://learnenglish.britishcouncil.org/general-english/video-series/word-street,BCV
B1_B2_indoor_sports_scene_1,B1,https://learnenglish.britishcouncil.org/general-english/video-series/word-street,BCV
B1_B2_indoor_sports_scene_2,B1,https://learnenglish.britishcouncil.org/general-english/video-series/word-street,BCV
B1_B2_londons_theatreland,B1,https://learnenglish.britishcouncil.org/general-english/video-series/word-street,BCV
B1_B2_northern_ireland_scene_1,B1,https://learnenglish.britishcouncil.org/general-english/video-series/word-street,BCV
B1_B2_northern_ireland_scene_2,B1,https://learnenglish.britishcouncil.org/general-english/video-series/word-street,BCV
B1_B2_northern_irelands_street_art,B1,https://learnenglish.britishcouncil.org/general-english/video-series/word-street,BCV
B1_B2_paris_scene_1,B1,https://learnenglish.britishcouncil.org/general-english/video-series/word-street,BCV
B1_B2_paris_scene_2,B1,https://learnenglish.britishcouncil.org/general-english/video-series/word-street,BCV
B1_B2_pop_galleries,B1,https://learnenglish.britishcouncil.org/general-english/video-series/word-street,BCV
B1_B2_shakespeare_scene_1,B1,https://learnenglish.britishcouncil.org/general-english/video-series/word-street,BCV
B1_B2_shakespeare_scene_2,B1,https://learnenglish.britishcouncil.org/general-english/video-series/word-street,BCV
B1_B2_wild_animals,B1,https://learnenglish.britishcouncil.org/general-english/video-series/word-street,BCV
B1_B2_york_scene_1,B1,https://learnenglish.britishcouncil.org/general-english/video-series/word-street,BCV
B1_B2_york_scene_2,B1,https://learnenglish.britishcouncil.org/general-english/video-series/word-street,BCV
B1_blackpool_scene_1,B1,https://learnenglish.britishcouncil.org/general-english/video-series/word-street,BCV
B1_blackpool_scene_2,B1,https://learnenglish.britishcouncil.org/general-english/video-series/word-street,BCV
B1_british_pub,B1,https://learnenglish.britishcouncil.org/general-english/video-series/word-street,BCV
B1_camden_fashion,B1,https://learnenglish.britishcouncil.org/general-english/video-series/word-street,BCV
B1_camden_scene_1,B1,https://learnenglish.britishcouncil.org/general-english/video-series/word-street,BCV
B1_camden_scene_2,B1,https://learnenglish.britishcouncil.org/general-english/video-series/word-street,BCV
B1_city_london,B1,https://learnenglish.britishcouncil.org/general-english/video-series/word-street,BCV
B1_dating_scene_1,B1,https://learnenglish.britishcouncil.org/general-english/video-series/word-street,BCV
B1_dating_scene_2,B1,https://learnenglish.britishcouncil.org/general-english/video-series/word-street,BCV
B1_education_scene_1,B1,https://learnenglish.britishcouncil.org/general-english/video-series/word-street,BCV
B1_education_scene_2,B1,https://learnenglish.britishcouncil.org/general-english/video-series/word-street,BCV
B1_english_history,B1,https://learnenglish.britishcouncil.org/general-english/video-series/word-street,BCV
B1_extreme_sports,B1,https://learnenglish.britishcouncil.org/general-english/video-series/word-street,BCV
B1_farming_scene_1,B1,https://learnenglish.britishcouncil.org/general-english/video-series/word-street,BCV
B1_farming_scene_2,B1,https://learnenglish.britishcouncil.org/general-english/video-series/word-street,BCV
B1_four_nations,B1,https://learnenglish.britishcouncil.org/general-english/video-series/word-street,BCV
B1_history_scene_1,B1,https://learnenglish.britishcouncil.org/general-english/video-series/word-street,BCV
B1_history_scene_2,B1,https://learnenglish.britishcouncil.org/general-english/video-series/word-street,BCV
B1_hospital_scene_1,B1,https://learnenglish.britishcouncil.org/general-english/video-series/word-street,BCV
B1_hospital_scene_2,B1,https://learnenglish.britishcouncil.org/general-english/video-series/word-street,BCV
B1_ice_cream,B1,https://learnenglish.britishcouncil.org/general-english/video-series/word-street,BCV
B1_jobs_scene_1,B1,https://learnenglish.britishcouncil.org/general-english/video-series/word-street,BCV
B1_jobs_scene_2,B1,https://learnenglish.britishcouncil.org/general-english/video-series/word-street,BCV
B1_live_music,B1,https://learnenglish.britishcouncil.org/general-english/video-series/word-street,BCV
B1_loch_ness_scene_1,B1,https://learnenglish.britishcouncil.org/general-english/video-series/word-street,BCV
B1_loch_ness_scene_2,B1,https://learnenglish.britishcouncil.org/general-english/video-series/word-street,BCV
B1_multicultural_britain,B1,https://learnenglish.britishcouncil.org/general-english/video-series/word-street,BCV
B1_murder_mystery_scene_1,B1,https://learnenglish.britishcouncil.org/general-english/video-series/word-street,BCV
B1_murder_mystery_scene_2,B1,https://learnenglish.britishcouncil.org/general-english/video-series/word-street,BCV
B1_music_scene_1,B1,https://learnenglish.britishcouncil.org/general-english/video-series/word-street,BCV
B1_music_scene_2,B1,https://learnenglish.britishcouncil.org/general-english/video-series/word-street,BCV
B1_night_out_scene_1,B1,https://learnenglish.britishcouncil.org/general-english/video-series/word-street,BCV
B1_night_out_scene_2,B1,https://learnenglish.britishcouncil.org/general-english/video-series/word-street,BCV
B1_notting_hill_scene_1,B1,https://learnenglish.britishcouncil.org/general-english/video-series/word-street,BCV
B1_notting_hill_scene_2,B1,https://learnenglish.britishcouncil.org/general-english/video-series/word-street,BCV
B1_oxford_scene_1,B1,https://learnenglish.britishcouncil.org/general-english/video-series/word-street,BCV
B1_oxford_scene_2,B1,https://learnenglish.britishcouncil.org/general-english/video-series/word-street,BCV
B1_oxford_university,B1,https://learnenglish.britishcouncil.org/general-english/video-series/word-street,BCV
B1_paramedics,B1,https://learnenglish.britishcouncil.org/general-english/video-series/word-street,BCV
B1_seaside_entertainment,B1,https://learnenglish.britishcouncil.org/general-english/video-series/word-street,BCV
B1_sherlock_holmes,B1,https://learnenglish.britishcouncil.org/general-english/video-series/word-street,BCV
B1_snowdon_scene_1,B1,https://learnenglish.britishcouncil.org/general-english/video-series/word-street,BCV
B1_snowdon_scene_2,B1,https://learnenglish.britishcouncil.org/general-english/video-series/word-street,BCV
B1_social_media_revolution,B1,https://learnenglish.britishcouncil.org/general-english/video-series/word-street,BCV
B1_social_media_scene_1,B1,https://learnenglish.britishcouncil.org/general-english/video-series/word-street,BCV
B1_social_media_scene_2,B1,https://learnenglish.britishcouncil.org/general-english/video-series/word-street,BCV
B1_sport_scene_1,B1,https://learnenglish.britishcouncil.org/general-english/video-series/word-street,BCV
B1_sport_scene_2,B1,https://learnenglish.britishcouncil.org/general-english/video-series/word-street,BCV
B1_starting_business,B1,https://learnenglish.britishcouncil.org/general-english/video-series/word-street,BCV
B1_transport_travel_scene_1,B1,https://learnenglish.britishcouncil.org/general-english/video-series/word-street,BCV
B1_transport_travel_scene_2,B1,https://learnenglish.britishcouncil.org/general-english/video-series/word-street,BCV
B1_wedding,B1,https://learnenglish.britishcouncil.org/general-english/video-series/word-street,BCV
B1_womens_football,B1,https://learnenglish.britishcouncil.org/general-english/video-series/word-street,BCV
B1_working_fashion,B1,https://learnenglish.britishcouncil.org/general-english/video-series/word-street,BCV
B1_B2_animals_scene_1,B1,https://learnenglish.britishcouncil.org/general-english/video-series/word-street,BCV
B1_B2_animals_scene_2,B1,https://learnenglish.britishcouncil.org/general-english/video-series/word-street,BCV
B1_B2_art_scene_1,B1,https://learnenglish.britishcouncil.org/general-english/video-series/word-street,BCV
B2_against_pushback_we_pushforward,B2,https://learnenglish.britishcouncil.org/general-english/video-zone,BCYT
B2_C1_C2_all_my_happy_friends,B2,https://learnenglish.britishcouncil.org/general-english/video-zone,BCYT
B2_C1_C2_amazing_diy_orang_utans,B2,https://learnenglish.britishcouncil.org/general-english/video-zone,BCYT
B2_C1_C2_biggest_flower_world,B2,https://learnenglish.britishcouncil.org/general-english/video-zone,BCYT
B2_C1_C2_black_british_history,B2,https://learnenglish.britishcouncil.org/general-english/video-zone,BCYT
B2_C1_C2_can_cuttlefish_disappear_living_room,B2,https://learnenglish.britishcouncil.org/general-english/video-zone,BCYT
B2_C1_C2_can_eating_fruit_be_bad_you,B2,https://learnenglish.britishcouncil.org/general-english/video-zone,BCYT
B2_C1_C2_can_haircut_change_your_life,B2,https://learnenglish.britishcouncil.org/general-english/video-zone,BCYT
B2_C1_C2_david_attenborough_life_planet,B2,https://learnenglish.britishcouncil.org/general-english/video-zone,BCYT
B2_C1_C2_day_elizabeth_became_queen,B2,https://learnenglish.britishcouncil.org/general-english/video-zone,BCYT
B2_C1_C2_dolphins_know_best_way_catch_fish,B2,https://learnenglish.britishcouncil.org/general-english/video-zone,BCYT
B2_C1_C2_eco_friendly_gift_wrapping_ideas,B2,https://learnenglish.britishcouncil.org/general-english/video-zone,BCYT
B2_C1_C2_elephants_learn_work_together,B2,https://learnenglish.britishcouncil.org/general-english/video-zone,BCYT
B2_C1_C2_emma_thompson_her_adopted_rwandan_son,B2,https://learnenglish.britishcouncil.org/general-english/video-zone,BCYT
B2_C1_C2_fake_or_fir_your_christmas_trees_carbon_footprint,B2,https://learnenglish.britishcouncil.org/general-english/video-zone,BCYT
B2_C1_C2_fashion_revolutionaries_katharine_hamnett,B2,https://learnenglish.britishcouncil.org/general-english/video-zone,BCYT
B2_C1_C2_female_artists_recognised_know_my_name_exhibition,B2,https://learnenglish.britishcouncil.org/general-english/video-zone,BCYT
B2_C1_C2_four_tips_success_women_business,B2,https://learnenglish.britishcouncil.org/general-english/video-zone,BCYT
B2_C1_C2_greta_thunberg_george_monbiot_climate_crisis,B2,https://learnenglish.britishcouncil.org/general-english/video-zone,BCYT
B2_C1_C2_gulper_eel,B2,https://learnenglish.britishcouncil.org/general-english/video-zone,BCYT
B2_C1_C2_how_baby_flamingos_become_pink,B2,https://learnenglish.britishcouncil.org/general-english/video-zone,BCYT
B2_C1_C2_how_chop_onion,B2,https://learnenglish.britishcouncil.org/general-english/video-zone,BCYT
B2_C1_C2_how_make_45_second_ice_cream,B2,https://learnenglish.britishcouncil.org/general-english/video-zone,BCYT
B2_C1_C2_how_make_perfect_pancakes,B2,https://learnenglish.britishcouncil.org/general-english/video-zone,BCYT
B2_C1_C2_how_these_women_changed_science_forever,B2,https://learnenglish.britishcouncil.org/general-english/video-zone,BCYT
B2_C1_C2_how_tie_windsor_knot,B2,https://learnenglish.britishcouncil.org/general-english/video-zone,BCYT
B2_C1_C2_how_wash_your_hands,B2,https://learnenglish.britishcouncil.org/general-english/video-zone,BCYT
B2_C1_C2_i_was_refugee,B2,https://learnenglish.britishcouncil.org/general-english/video-zone,BCYT
B2_C1_C2_imagining_world_without_fossil_fuels,B2,https://learnenglish.britishcouncil.org/general-english/video-zone,BCYT
B2_C1_C2_international_day_forests,B2,https://learnenglish.britishcouncil.org/general-english/video-zone,BCYT
B2_C1_C2_international_womens_day_we_are_generationequality,B2,https://learnenglish.britishcouncil.org/general-english/video-zone,BCYT
B2_C1_C2_international_womens_day_who_inspires_you,B2,https://learnenglish.britishcouncil.org/general-english/video-zone,BCYT
B2_C1_C2_it_possible_ride_motorbike_lake,B2,https://learnenglish.britishcouncil.org/general-english/video-zone,BCYT
B2_C1_C2_kids_explain_art_experts,B2,https://learnenglish.britishcouncil.org/general-english/video-zone,BCYT
B2_C1_C2_lemon_pavlova_recipe,B2,https://learnenglish.britishcouncil.org/general-english/video-zone,BCYT
B2_C1_C2_limb_lego,B2,https://learnenglish.britishcouncil.org/general-english/video-zone,BCYT
B2_C1_C2_living_two_languages_finland,B2,https://learnenglish.britishcouncil.org/general-english/video-zone,BCYT
B2_C1_C2_londons_secret_garden,B2,https://learnenglish.britishcouncil.org/general-english/video-zone,BCYT
B2_C1_C2_nadiyas_five_minute_crispy_egg_rolls,B2,https://learnenglish.britishcouncil.org/general-english/video-zone,BCYT
B2_C1_C2_portrait_oussama,B2,https://learnenglish.britishcouncil.org/general-english/video-zone,BCYT
B2_C1_C2_rare_cheese,B2,https://learnenglish.britishcouncil.org/general-english/video-zone,BCYT
B2_C1_C2_rubber_hand_illusion,B2,https://learnenglish.britishcouncil.org/general-english/video-zone,BCYT
B2_C1_C2_salt_hotel,B2,https://learnenglish.britishcouncil.org/general-english/video-zone,BCYT
B2_C1_C2_santa_claus_real,B2,https://learnenglish.britishcouncil.org/general-english/video-zone,BCYT
B2_C1_C2_seeing_believing,B2,https://learnenglish.britishcouncil.org/general-english/video-zone,BCYT
B2_C1_C2_sir_david_attenborough_cop26_peoples_advocate,B2,https://learnenglish.britishcouncil.org/general-english/video-zone,BCYT
B2_C1_C2_space_snack_time_samantha_cristoforetti,B2,https://learnenglish.britishcouncil.org/general-english/video-zone,BCYT
B2_C1_C2_story_imperial_state_crown,B2,https://learnenglish.britishcouncil.org/general-english/video-zone,BCYT
B2_C1_C2_ten_cat_facts,B2,https://learnenglish.britishcouncil.org/general-english/video-zone,BCYT
B2_C1_C2_two_monkeys_were_paid_unequally,B2,https://learnenglish.britishcouncil.org/general-english/video-zone,BCYT
B2_C1_C2_vegan_red_lentil_fritters,B2,https://learnenglish.britishcouncil.org/general-english/video-zone,BCYT
B2_C1_C2_warrior_women,B2,https://learnenglish.britishcouncil.org/general-english/video-zone,BCYT
B2_C1_C2_water_changes_everything,B2,https://learnenglish.britishcouncil.org/general-english/video-zone,BCYT
B2_C1_C2_we_stand_refugees,B2,https://learnenglish.britishcouncil.org/general-english/video-zone,BCYT
B2_C1_C2_what_do_all_pride_flags_mean,B2,https://learnenglish.britishcouncil.org/general-english/video-zone,BCYT
B2_C1_C2_what_we_have_forgotten,B2,https://learnenglish.britishcouncil.org/general-english/video-zone,BCYT
B2_C1_C2_wheelchair_costumes_turn_kids_superheroes,B2,https://learnenglish.britishcouncil.org/general-english/video-zone,BCYT
B2_C1_C2_when_do_children_learn_tell_lies,B2,https://learnenglish.britishcouncil.org/general-english/video-zone,BCYT
B2_C1_C2_when_everyone_else_room_can_see_it,B2,https://learnenglish.britishcouncil.org/general-english/video-zone,BCYT
B2_C1_C2_why_arent_babies_afraid_snakes,B2,https://learnenglish.britishcouncil.org/general-english/video-zone,BCYT
B2_C1_C2_why_dogs_stick_their_heads_out_car_windows,B2,https://learnenglish.britishcouncil.org/general-english/video-zone,BCYT
B2_C1_C2_why_i_fell_love_irish_dancing,B2,https://learnenglish.britishcouncil.org/general-english/video-zone,BCYT
B2_technology_daily_lives,B2,https://learnenglish.britishcouncil.org/general-english/video-zone,BCYT
B2_managing_conflict,B2,https://learnenglish.britishcouncil.org/business-english/podcasts-for-professionals,BCL
B2_public_relations,B2,https://learnenglish.britishcouncil.org/business-english/podcasts-for-professionals,BCL
B2_relationship_building,B2,https://learnenglish.britishcouncil.org/business-english/podcasts-for-professionals,BCL
B2_work_burnout,B2,https://learnenglish.britishcouncil.org/business-english/podcasts-for-professionals,BCL
B2_change_management,B2,https://learnenglish.britishcouncil.org/business-english/podcasts-for-professionals,BCL
B2_line_management,B2,https://learnenglish.britishcouncil.org/business-english/podcasts-for-professionals,BCL
B1_B2_youre_hired_episode_01,B1,https://learnenglish.britishcouncil.org/business-english/youre-hired,BCV
B1_B2_youre_hired_episode_02,B1,https://learnenglish.britishcouncil.org/business-english/youre-hired,BCV
B1_B2_youre_hired_episode_03,B1,https://learnenglish.britishcouncil.org/business-english/youre-hired,BCV
B1_B2_youre_hired_episode_04,B1,https://learnenglish.britishcouncil.org/business-english/youre-hired,BCV
B1_B2_youre_hired_episode_05,B1,https://learnenglish.britishcouncil.org/business-english/youre-hired,BCV
B1_B2_youre_hired_episode_06,B1,https://learnenglish.britishcouncil.org/business-english/youre-hired,BCV
B1_B2_youre_hired_episode_07,B1,https://learnenglish.britishcouncil.org/business-english/youre-hired,BCV
B1_B2_youre_hired_episode_08,B1,https://learnenglish.britishcouncil.org/business-english/youre-hired,BCV
B1_B2_youre_hired_episode_09,B1,https://learnenglish.britishcouncil.org/business-english/youre-hired,BCV
B1_B2_youre_hired_episode_10,B1,https://learnenglish.britishcouncil.org/business-english/youre-hired,BCV
B2_C1_chocolate_bites_recipe,B2,https://learnenglishteens.britishcouncil.org/study-break/youtubers,BCYT
B2_C1_cutting_down_waste,B2,https://learnenglishteens.britishcouncil.org/study-break/youtubers,BCYT
B2_C1_five_things_you_mustnt_do_britain,B2,https://learnenglishteens.britishcouncil.org/study-break/youtubers,BCYT
B2_C1_four_reasons_why_you_should_start_blogging,B2,https://learnenglishteens.britishcouncil.org/study-break/youtubers,BCYT
B2_C1_history_voting_ancient_greece_x_factor,B2,https://learnenglishteens.britishcouncil.org/study-break/youtubers,BCYT
B2_C1_long_hair_vs_short_hair,B2,https://learnenglishteens.britishcouncil.org/study-break/youtubers,BCYT
B2_C1_my_ramadan_experience,B2,https://learnenglishteens.britishcouncil.org/study-break/youtubers,BCYT
B2_C1_pros_cons_leaving_home,B2,https://learnenglishteens.britishcouncil.org/study-break/youtubers,BCYT
B2_C1_pros_cons_summer_jobs,B2,https://learnenglishteens.britishcouncil.org/study-break/youtubers,BCYT
B2_C1_sophias_vegan_banana_pancakes,B2,https://learnenglishteens.britishcouncil.org/study-break/youtubers,BCYT
B2_C1_tattoos_piercings,B2,https://learnenglishteens.britishcouncil.org/study-break/youtubers,BCYT
B2_C1_ten_reasons_smile,B2,https://learnenglishteens.britishcouncil.org/study-break/youtubers,BCYT
B2_C1_things_i_miss_now_im_grown,B2,https://learnenglishteens.britishcouncil.org/study-break/youtubers,BCYT
B2_C1_three_steps_successful_blog,B2,https://learnenglishteens.britishcouncil.org/study-break/youtubers,BCYT
B2_C1_three_tips_learning_language,B2,https://learnenglishteens.britishcouncil.org/study-break/youtubers,BCYT
B2_C1_tips_tricks_reading_foreign_language,B2,https://learnenglishteens.britishcouncil.org/study-break/youtubers,BCYT
B2_C1_tongue_twister_challenge,B2,https://learnenglishteens.britishcouncil.org/study-break/youtubers,BCYT
B2_C1_weekend_manchester,B2,https://learnenglishteens.britishcouncil.org/study-break/youtubers,BCYT
B2_C1_weird_things_we_do_britain,B2,https://learnenglishteens.britishcouncil.org/study-break/youtubers,BCYT
B2_C1_what_gender_tax,B2,https://learnenglishteens.britishcouncil.org/study-break/youtubers,BCYT
B2_disney_not_just_kids,B2,https://learnenglishteens.britishcouncil.org/study-break/youtubers,BCYT
B2_harry_potter_hamilton_day_trip_london,B2,https://learnenglishteens.britishcouncil.org/study-break/youtubers,BCYT
B2_hot_and_cold_climate,B2,https://learnenglishteens.britishcouncil.org/study-break/youtubers,BCYT
B2_snowy_day_durham,B2,https://learnenglishteens.britishcouncil.org/study-break/youtubers,BCYT
B2_sophias_simple_vegan_sushi,B2,https://learnenglishteens.britishcouncil.org/study-break/youtubers,BCYT
B2_taste_berlin,B2,https://learnenglishteens.britishcouncil.org/study-break/youtubers,BCYT
C1_exploring_german_castle,C1,https://learnenglishteens.britishcouncil.org/study-break/youtubers,BCYT
C1_five_days_iceland_black_beaches_baby_geysers,C1,https://learnenglishteens.britishcouncil.org/study-break/youtubers,BCYT
C1_flying_visit_home_uk,C1,https://learnenglishteens.britishcouncil.org/study-break/youtubers,BCYT
C1_germany_vs_uk_four_big_differences,C1,https://learnenglishteens.britishcouncil.org/study-break/youtubers,BCYT
C1_how_i_became_fluent_english_joses_story,C1,https://learnenglishteens.britishcouncil.org/study-break/youtubers,BCYT
C1_knitting_it_just_grannies,C1,https://learnenglishteens.britishcouncil.org/study-break/youtubers,BCYT
C1_learning_drive_everything_you_need_know,C1,https://learnenglishteens.britishcouncil.org/study-break/youtubers,BCYT
C1_my_study_tips,C1,https://learnenglishteens.britishcouncil.org/study-break/youtubers,BCYT
C1_my_top_five_musicals,C1,https://learnenglishteens.britishcouncil.org/study-break/youtubers,BCYT
C1_new_years_resolutions,C1,https://learnenglishteens.britishcouncil.org/study-break/youtubers,BCYT
C1_seven_tips_moving_abroad,C1,https://learnenglishteens.britishcouncil.org/study-break/youtubers,BCYT
C1_six_english_idioms_you_should_know,C1,https://learnenglishteens.britishcouncil.org/study-break/youtubers,BCYT
C1_what_i_learned_dropping_my_phone_down_toilet,C1,https://learnenglishteens.britishcouncil.org/study-break/youtubers,BCYT
C1_what_makes_black_panther_so_special,C1,https://learnenglishteens.britishcouncil.org/study-break/youtubers,BCYT
C1_why_its_important_travel,C1,https://learnenglishteens.britishcouncil.org/study-break/youtubers,BCYT
B1_B2_day_around_london,B1,https://learnenglishteens.britishcouncil.org/study-break/youtubers,BCYT
B1_B2_international_womens_day_challenge,B1,https://learnenglishteens.britishcouncil.org/study-break/youtubers,BCYT
B2_are_you_tech_addicted,B2,https://learnenglishteens.britishcouncil.org/study-break/youtubers,BCYT
B2_british_vs_american_accent_challenge,B2,https://learnenglishteens.britishcouncil.org/study-break/youtubers,BCYT
B2_C1_british_vs_american_culture_quiz,B2,https://learnenglishteens.britishcouncil.org/study-break/youtubers,BCYT
B1_B2_one_mans_walk,B1,https://learnenglishteens.britishcouncil.org/study-break/video-series/short-films,BCYT
B2_C1_15_year_old_quizzes_george_clooney,B2,https://learnenglishteens.britishcouncil.org/study-break/video-series/short-films,BCYT
B2_C1_comic_con_meeting_fans,B2,https://learnenglishteens.britishcouncil.org/study-break/video-series/short-films,BCYT
B2_C1_zara,B2,https://learnenglishteens.britishcouncil.org/study-break/video-series/short-films,BCYT
B2_generation_parkour,B2,https://learnenglishteens.britishcouncil.org/study-break/video-series/short-films,BCYT
B2_kate_winslet_strong_women_learning_lines,B2,https://learnenglishteens.britishcouncil.org/study-break/video-series/short-films,BCYT
C1_box,C1,https://learnenglishteens.britishcouncil.org/study-break/video-series/short-films,BCYT
C1_class_clown,C1,https://learnenglishteens.britishcouncil.org/study-break/video-series/short-films,BCYT
C1_have_you_ever_been_bullied,C1,https://learnenglishteens.britishcouncil.org/study-break/video-series/short-films,BCYT
C1_lottery_comedy_walk_park,C1,https://learnenglishteens.britishcouncil.org/study-break/video-series/short-films,BCYT
C1_race,C1,https://learnenglishteens.britishcouncil.org/study-break/video-series/short-films,BCYT
C1_real_junk_food,C1,https://learnenglishteens.britishcouncil.org/study-break/video-series/short-films,BCYT
C1_sibling_rivalry,C1,https://learnenglishteens.britishcouncil.org/study-break/video-series/short-films,BCYT
C1_stute,C1,https://learnenglishteens.britishcouncil.org/study-break/video-series/short-films,BCYT
C1_until_my_hearts_finished,C1,https://learnenglishteens.britishcouncil.org/study-break/video-series/short-films,BCYT
C1_wacky_races_pantomime_horse,C1,https://learnenglishteens.britishcouncil.org/study-break/video-series/short-films,BCYT
C1_zombie_school_survival_guide,C1,https://learnenglishteens.britishcouncil.org/study-break/video-series/short-films,BCYT
B1_B2_shakespeare_hamlet,B1,https://learnenglishteens.britishcouncil.org/study-break/video-series/shakespeare,BCV
B1_B2_shakespeare_macbeth,B1,https://learnenglishteens.britishcouncil.org/study-break/video-series/shakespeare,BCV
B1_B2_shakespeare_much_ado_about_nothing,B1,https://learnenglishteens.britishcouncil.org/study-break/video-series/shakespeare,BCV
B1_B2_shakespeare_romeo_juliet,B1,https://learnenglishteens.britishcouncil.org/study-break/video-series/shakespeare,BCV
B1_B2_shakespeare_tempest,B1,https://learnenglishteens.britishcouncil.org/study-break/video-series/shakespeare,BCV
B2_C1_music_great,B2,https://learnenglishteens.britishcouncil.org/study-break/video-series/britain-great,BCV
C1_creativity_great_part_1,C1,https://learnenglishteens.britishcouncil.org/study-break/video-series/britain-great,BCV
C1_creativity_great_part_2,C1,https://learnenglishteens.britishcouncil.org/study-break/video-series/britain-great,BCV
C1_english_great,C1,https://learnenglishteens.britishcouncil.org/study-break/video-series/britain-great,BCV
C1_entrepreneurs_are_great,C1,https://learnenglishteens.britishcouncil.org/study-break/video-series/britain-great,BCV
C1_innovation_great,C1,https://learnenglishteens.britishcouncil.org/study-break/video-series/britain-great,BCV
C1_literature_great,C1,https://learnenglishteens.britishcouncil.org/study-break/video-series/britain-great,BCV
C1_shopping_great_part_1,C1,https://learnenglishteens.britishcouncil.org/study-break/video-series/britain-great,BCV
C1_shopping_great_part_2,C1,https://learnenglishteens.britishcouncil.org/study-break/video-series/britain-great,BCV
C1_sport_great,C1,https://learnenglishteens.britishcouncil.org/study-break/video-series/britain-great,BCV
A2_survivor_episode_1_finding_jane_a2,A2,https://learnenglishteens.britishcouncil.org/study-break/audio-series/survivor,BCL
A2_survivor_episode_2_wake_soon_a2,A2,https://learnenglishteens.britishcouncil.org/study-break/audio-series/survivor,BCL
A2_survivor_episode_3_coincidence_a2,A2,https://learnenglishteens.britishcouncil.org/study-break/audio-series/survivor,BCL
A2_survivor_episode_4_run_a2,A2,https://learnenglishteens.britishcouncil.org/study-break/audio-series/survivor,BCL
A2_survivor_episode_5_youre_awake_a2,A2,https://learnenglishteens.britishcouncil.org/study-break/audio-series/survivor,BCL
A2_survivor_episode_6_caught_a2,A2,https://learnenglishteens.britishcouncil.org/study-break/audio-series/survivor,BCL
B1_survivor_episode_1_finding_jane_b1,B1,https://learnenglishteens.britishcouncil.org/study-break/audio-series/survivor,BCL
B1_survivor_episode_2_wake_soon_b1,B1,https://learnenglishteens.britishcouncil.org/study-break/audio-series/survivor,BCL
B1_survivor_episode_3_coincidence_b1,B1,https://learnenglishteens.britishcouncil.org/study-break/audio-series/survivor,BCL
B1_survivor_episode_4_run_b1,B1,https://learnenglishteens.britishcouncil.org/study-break/audio-series/survivor,BCL
B1_survivor_episode_5_youre_awake_b1,B1,https://learnenglishteens.britishcouncil.org/study-break/audio-series/survivor,BCL
B1_survivor_episode_6_caught_b1,B1,https://learnenglishteens.britishcouncil.org/study-break/audio-series/survivor,BCL
B2_survivor_episode_1_finding_jane_b2,B2,https://learnenglishteens.britishcouncil.org/study-break/audio-series/survivor,BCL
B2_survivor_episode_2_wake_soon_b2,B2,https://learnenglishteens.britishcouncil.org/study-break/audio-series/survivor,BCL
B2_survivor_episode_3_coincidence_b2,B2,https://learnenglishteens.britishcouncil.org/study-break/audio-series/survivor,BCL
B2_survivor_episode_4_run_b2,B2,https://learnenglishteens.britishcouncil.org/study-break/audio-series/survivor,BCL
B2_survivor_episode_5_youre_awake_b2,B2,https://learnenglishteens.britishcouncil.org/study-break/audio-series/survivor,BCL
B2_survivor_episode_6_caught_b2,B2,https://learnenglishteens.britishcouncil.org/study-break/audio-series/survivor,BCL
A2_B1_one_day_i_will_lagos,A2,https://learnenglishteens.britishcouncil.org/study-break/video-zone,BCYT
A2_B1_were_superhumans_rio_paralympics_2016,A2,https://learnenglishteens.britishcouncil.org/study-break/video-zone,BCYT
B1_11_things_you_never_knew_about_elephants,B1,https://learnenglishteens.britishcouncil.org/study-break/video-zone,BCYT
B1_B2_black_holes,B1,https://learnenglishteens.britishcouncil.org/study-break/video-zone,BCYT
B1_B2_christmas_gift_experiment,B1,https://learnenglishteens.britishcouncil.org/study-break/video-zone,BCYT
B1_B2_climate_change_why_does_15degc_matter,B1,https://learnenglishteens.britishcouncil.org/study-break/video-zone,BCYT
B1_B2_day_life_10_year_old_roman_britain,B1,https://learnenglishteens.britishcouncil.org/study-break/video-zone,BCYT
B1_B2_doctor_day_rapper_night,B1,https://learnenglishteens.britishcouncil.org/study-break/video-zone,BCYT
B1_B2_eating_insects,B1,https://learnenglishteens.britishcouncil.org/study-break/video-zone,BCYT
B1_B2_feeling_hot_hot_hot,B1,https://learnenglishteens.britishcouncil.org/study-break/video-zone,BCYT
B1_B2_five_ways_spot_fake_news,B1,https://learnenglishteens.britishcouncil.org/study-break/video-zone,BCYT
B1_B2_girl_can,B1,https://learnenglishteens.britishcouncil.org/study-break/video-zone,BCYT
B1_B2_he_named_me_malala,B1,https://learnenglishteens.britishcouncil.org/study-break/video-zone,BCYT
B1_B2_how_are_easter_eggs_made,B1,https://learnenglishteens.britishcouncil.org/study-break/video-zone,BCYT
B1_B2_how_can_more_women_get_politics,B1,https://learnenglishteens.britishcouncil.org/study-break/video-zone,BCYT
B1_B2_how_christmas_trees_are_made,B1,https://learnenglishteens.britishcouncil.org/study-break/video-zone,BCYT
B1_B2_how_do_backspin,B1,https://learnenglishteens.britishcouncil.org/study-break/video-zone,BCYT
B1_B2_how_do_bubbles_work,B1,https://learnenglishteens.britishcouncil.org/study-break/video-zone,BCYT
B1_B2_i_it_safer_internet_day_song,B1,https://learnenglishteens.britishcouncil.org/study-break/video-zone,BCYT
B1_B2_influencers_making_difference_tiktok,B1,https://learnenglishteens.britishcouncil.org/study-break/video-zone,BCYT
B1_B2_ive_experienced_bullying,B1,https://learnenglishteens.britishcouncil.org/study-break/video-zone,BCYT
B1_B2_joe_wicks_blue_peter_workout,B1,https://learnenglishteens.britishcouncil.org/study-break/video-zone,BCYT
B1_B2_let_it_happen_three_dutch_dancing_sisters,B1,https://learnenglishteens.britishcouncil.org/study-break/video-zone,BCYT
B1_B2_record_breaking_skydive,B1,https://learnenglishteens.britishcouncil.org/study-break/video-zone,BCYT
B1_B2_social_media_good_you,B1,https://learnenglishteens.britishcouncil.org/study-break/video-zone,BCYT
B1_B2_space_tourism_are_we_one_step_closer,B1,https://learnenglishteens.britishcouncil.org/study-break/video-zone,BCYT
B1_B2_superjam_set_make_teenager_millionaire,B1,https://learnenglishteens.britishcouncil.org/study-break/video-zone,BCYT
B1_B2_what_ramadan,B1,https://learnenglishteens.britishcouncil.org/study-break/video-zone,BCYT
B1_B2_world_water_crisis,B1,https://learnenglishteens.britishcouncil.org/study-break/video-zone,BCYT
B1_B2_yusra_mardini_young_refugee,B1,https://learnenglishteens.britishcouncil.org/study-break/video-zone,BCYT
B1_B2_zero_g_flight,B1,https://learnenglishteens.britishcouncil.org/study-break/video-zone,BCYT
B1_learn_how_manage_your_time_zack,B1,https://learnenglishteens.britishcouncil.org/study-break/video-zone,BCYT
B1_turning_plastic_waste_art,B1,https://learnenglishteens.britishcouncil.org/study-break/video-zone,BCYT
B2_being_vegan_more_environmentally_friendly,B2,https://learnenglishteens.britishcouncil.org/study-break/video-zone,BCYT
B2_between_two_worlds,B2,https://learnenglishteens.britishcouncil.org/study-break/video-zone,BCYT
B2_black_history_month_all_you_need_know,B2,https://learnenglishteens.britishcouncil.org/study-break/video-zone,BCYT
B2_break_bias,B2,https://learnenglishteens.britishcouncil.org/study-break/video-zone,BCYT
B2_brief_history_writing,B2,https://learnenglishteens.britishcouncil.org/study-break/video-zone,BCYT
B2_C1_12_year_old_maths_genius,B2,https://learnenglishteens.britishcouncil.org/study-break/video-zone,BCYT
B2_C1_actress_margot_robbies_snake_story,B2,https://learnenglishteens.britishcouncil.org/study-break/video-zone,BCYT
B2_C1_amazing_bird_sounds_lyre_bird,B2,https://learnenglishteens.britishcouncil.org/study-break/video-zone,BCYT
B2_C1_amazing_minecraft_city,B2,https://learnenglishteens.britishcouncil.org/study-break/video-zone,BCYT
B2_C1_amazing_wheelchair_jump,B2,https://learnenglishteens.britishcouncil.org/study-break/video-zone,BCYT
B2_C1_can_massive_invention_save_our_oceans,B2,https://learnenglishteens.britishcouncil.org/study-break/video-zone,BCYT
B2_C1_clever_cobra,B2,https://learnenglishteens.britishcouncil.org/study-break/video-zone,BCYT
B2_C1_cure_boredom,B2,https://learnenglishteens.britishcouncil.org/study-break/video-zone,BCYT
B2_C1_driverless_cars,B2,https://learnenglishteens.britishcouncil.org/study-break/video-zone,BCYT
B2_C1_emma_watson_introduces_new_heforsheorg,B2,https://learnenglishteens.britishcouncil.org/study-break/video-zone,BCYT
B2_C1_girl_leadership_summit_highlights,B2,https://learnenglishteens.britishcouncil.org/study-break/video-zone,BCYT
B2_C1_how_dirty_your_mobile_phone,B2,https://learnenglishteens.britishcouncil.org/study-break/video-zone,BCYT
B2_C1_how_make_perfect_omelette,B2,https://learnenglishteens.britishcouncil.org/study-break/video-zone,BCYT
B2_C1_how_refugee_became_supermodel,B2,https://learnenglishteens.britishcouncil.org/study-break/video-zone,BCYT
B2_C1_maggot_medicine,B2,https://learnenglishteens.britishcouncil.org/study-break/video-zone,BCYT
B2_C1_miso_mushroom_coconut_noodles,B2,https://learnenglishteens.britishcouncil.org/study-break/video-zone,BCYT
B2_C1_our_school_students_selfies,B2,https://learnenglishteens.britishcouncil.org/study-break/video-zone,BCYT
B2_C1_plastic_ocean,B2,https://learnenglishteens.britishcouncil.org/study-break/video-zone,BCYT
B2_C1_poem_about_poets,B2,https://learnenglishteens.britishcouncil.org/study-break/video-zone,BCYT
B2_C1_rainbow_flag_explained,B2,https://learnenglishteens.britishcouncil.org/study-break/video-zone,BCYT
B2_C1_safer_internet_day_song_surf,B2,https://learnenglishteens.britishcouncil.org/study-break/video-zone,BCYT
B2_C1_school_strike_4_climate,B2,https://learnenglishteens.britishcouncil.org/study-break/video-zone,BCYT
B2_C1_science_experiment_space,B2,https://learnenglishteens.britishcouncil.org/study-break/video-zone,BCYT
B2_C1_status_mind,B2,https://learnenglishteens.britishcouncil.org/study-break/video-zone,BCYT
B2_C1_superhero_runner_runs_5000_miles,B2,https://learnenglishteens.britishcouncil.org/study-break/video-zone,BCYT
B2_C1_teenager_becomes_jetski_champ,B2,https://learnenglishteens.britishcouncil.org/study-break/video-zone,BCYT
B2_C1_weird_nature_archer_fish_velvet_worm,B2,https://learnenglishteens.britishcouncil.org/study-break/video-zone,BCYT
B2_C1_where_did_moon_come,B2,https://learnenglishteens.britishcouncil.org/study-break/video-zone,BCYT
B2_C1_worlds_best_drone_racer,B2,https://learnenglishteens.britishcouncil.org/study-break/video-zone,BCYT
B2_C1_your_image_your_future,B2,https://learnenglishteens.britishcouncil.org/study-break/video-zone,BCYT
B2_C1_youtubers_twitch_streamers_share_tips_safer_internet_day,B2,https://learnenglishteens.britishcouncil.org/study-break/video-zone,BCYT
B2_can_will_gwyn_haslock,B2,https://learnenglishteens.britishcouncil.org/study-break/video-zone,BCYT
B2_did_you_ever_post_mean_comments_online,B2,https://learnenglishteens.britishcouncil.org/study-break/video-zone,BCYT
B2_diy_christmas_decorations,B2,https://learnenglishteens.britishcouncil.org/study-break/video-zone,BCYT
B2_dog_understands_1022_words,B2,https://learnenglishteens.britishcouncil.org/study-break/video-zone,BCYT
B2_giant_chocolate_chip_cookie,B2,https://learnenglishteens.britishcouncil.org/study-break/video-zone,BCYT
B2_hippo_lives_house,B2,https://learnenglishteens.britishcouncil.org/study-break/video-zone,BCYT
B2_how_be_good_listener_if_someone_upset,B2,https://learnenglishteens.britishcouncil.org/study-break/video-zone,BCYT
B2_how_make_day_dead_mask,B2,https://learnenglishteens.britishcouncil.org/study-break/video-zone,BCYT
B2_ice_age_manhattan,B2,https://learnenglishteens.britishcouncil.org/study-break/video-zone,BCYT
B2_international_womens_day_we_are_women,B2,https://learnenglishteens.britishcouncil.org/study-break/video-zone,BCYT
B2_malala_yousafzai_winning_nobel_peace_prize,B2,https://learnenglishteens.britishcouncil.org/study-break/video-zone,BCYT
B2_oversharing_your_digital_footprint,B2,https://learnenglishteens.britishcouncil.org/study-break/video-zone,BCYT
B2_simple_homemade_christmas_gift_ideas,B2,https://learnenglishteens.britishcouncil.org/study-break/video-zone,BCYT
B2_skateboarding_heroes,B2,https://learnenglishteens.britishcouncil.org/study-break/video-zone,BCYT
B2_stan_lee_man_who_invented_spider_man,B2,https://learnenglishteens.britishcouncil.org/study-break/video-zone,BCYT
B2_sustainable_development_goals,B2,https://learnenglishteens.britishcouncil.org/study-break/video-zone,BCYT
B2_tale_two_brothers,B2,https://learnenglishteens.britishcouncil.org/study-break/video-zone,BCYT
B2_technology_addiction,B2,https://learnenglishteens.britishcouncil.org/study-break/video-zone,BCYT
B2_two_euro_t_shirt,B2,https://learnenglishteens.britishcouncil.org/study-break/video-zone,BCYT
B2_voice_uk_can_anyone_learn_sing,B2,https://learnenglishteens.britishcouncil.org/study-break/video-zone,BCYT
B2_what_metaverse,B2,https://learnenglishteens.britishcouncil.org/study-break/video-zone,BCYT
B2_what_tallest_statue_world,B2,https://learnenglishteens.britishcouncil.org/study-break/video-zone,BCYT
B2_world_afro_day,B2,https://learnenglishteens.britishcouncil.org/study-break/video-zone,BCYT
B2_worst_christmas_presents,B2,https://learnenglishteens.britishcouncil.org/study-break/video-zone,BCYT
C1_ariana_grande_she_was_famous,C1,https://learnenglishteens.britishcouncil.org/study-break/video-zone,BCYT
C1_britains_fastest_cyclist,C1,https://learnenglishteens.britishcouncil.org/study-break/video-zone,BCYT
C1_camila_cabello_talks_about_beyonce,C1,https://learnenglishteens.britishcouncil.org/study-break/video-zone,BCYT
C1_can_dogs_sense_emotion,C1,https://learnenglishteens.britishcouncil.org/study-break/video-zone,BCYT
C1_david_beckham_puts_brooklyn_his_place,C1,https://learnenglishteens.britishcouncil.org/study-break/video-zone,BCYT
C1_day_digital_life_teenager,C1,https://learnenglishteens.britishcouncil.org/study-break/video-zone,BCYT
C1_double_dutch_brain_game,C1,https://learnenglishteens.britishcouncil.org/study-break/video-zone,BCYT
C1_duct_tape_surfing,C1,https://learnenglishteens.britishcouncil.org/study-break/video-zone,BCYT
C1_eddsworld_climate_change,C1,https://learnenglishteens.britishcouncil.org/study-break/video-zone,BCYT
C1_food_waste_rebel,C1,https://learnenglishteens.britishcouncil.org/study-break/video-zone,BCYT
C1_how_general_election_works,C1,https://learnenglishteens.britishcouncil.org/study-break/video-zone,BCYT
C1_how_has_hoodie_become_so_fashionable,C1,https://learnenglishteens.britishcouncil.org/study-break/video-zone,BCYT
C1_how_make_your_own_christmas_card,C1,https://learnenglishteens.britishcouncil.org/study-break/video-zone,BCYT
C1_how_sew_button,C1,https://learnenglishteens.britishcouncil.org/study-break/video-zone,BCYT
C1_how_wash_your_hair_space,C1,https://learnenglishteens.britishcouncil.org/study-break/video-zone,BCYT
C1_international_space_station_toilet_tour,C1,https://learnenglishteens.britishcouncil.org/study-break/video-zone,BCYT
C1_making_snow_olympics,C1,https://learnenglishteens.britishcouncil.org/study-break/video-zone,BCYT
C1_meet_lauren_singer_zero_waste_girl,C1,https://learnenglishteens.britishcouncil.org/study-break/video-zone,BCYT
C1_peanut_butter_jelly_space,C1,https://learnenglishteens.britishcouncil.org/study-break/video-zone,BCYT
C1_penguins,C1,https://learnenglishteens.britishcouncil.org/study-break/video-zone,BCYT
C1_pink_phones_cambodia,C1,https://learnenglishteens.britishcouncil.org/study-break/video-zone,BCYT
C1_porcupine_vs_lion,C1,https://learnenglishteens.britishcouncil.org/study-break/video-zone,BCYT
C1_slow_motion_puff_adder_attack,C1,https://learnenglishteens.britishcouncil.org/study-break/video-zone,BCYT
C1_speak_out_make_change,C1,https://learnenglishteens.britishcouncil.org/study-break/video-zone,BCYT
C1_who_made_your_clothes,C1,https://learnenglishteens.britishcouncil.org/study-break/video-zone,BCYT
C1_why_ocean_salty,C1,https://learnenglishteens.britishcouncil.org/study-break/video-zone,BCYT
C1_wizarding_world_harry_potter,C1,https://learnenglishteens.britishcouncil.org/study-break/video-zone,BCYT
C1_women_tech,C1,https://learnenglishteens.britishcouncil.org/study-break/video-zone,BCYT
